아이디,이름,비밀번호
student01,인수호,SetLog-WUPK-TMGM
student02,배주한,SetLog-5CBH-GM63
student03,염다영,SetLog-U3CV-VG7Z
student04,인봄,SetLog-F75F-Y3RY
student05,배경민,SetLog-6PER-7Q8C
student06,제하율,SetLog-V7P5-XHHA
student07,석윤건,SetLog-MY3E-8M8V
student08,강희원,SetLog-83CH-YWFE
student09,황동하,SetLog-G8UM-T2AN
student10,용지혜,SetLog-3XN2-M3UQ
student11,서솔,SetLog-TXDK-Y7TR
student12,시별,SetLog-ATAW-5VS3
student13,용나경,SetLog-EA6S-XBCV
student14,변현성,SetLog-7YQN-RATD
student15,변정빈,SetLog-DHH3-TQTT
student16,신정원,SetLog-MEYB-9B7G
student17,나라윤,SetLog-7G64-N3NS
student18,상서율,SetLog-2URG-H6MQ
student19,제진혁,SetLog-8SGD-CB7D
student20,인하율,SetLog-4KJE-ASEP
student21,주세영,SetLog-69QQ-YYDX
